Matrícula;Aluno;Trabalho Prático 01;Trabalho Prático 02;Média Parcial;Prova Final;Média Final
2000000005;Arya Stark;9,00;6,00;7,50;-;7,50
2000991375;Clayton Saints;9,00;6,00;7,50;-;7,50
2000000006;Daniel Richard;9,00;6,00;7,50;-;7,50
2000000003;Eric House;9,00;6,00;7,50;-;7,50
2000000008;Joseph Hoffman;9,00;6,00;7,50;-;7,50
2000000007;Juan Streets;9,00;6,00;7,50;-;7,50
2000991339;Luke Saints;9,00;6,00;7,50;-;7,50
2000000001;Richard Second;9,00;6,00;7,50;-;7,50
2000000002;Simon Cuba;9,00;6,00;7,50;-;7,50
2000000004;Vinny Eagle;9,00;6,00;7,50;-;7,50
