<?xml version="1.0" encoding="UTF-8"?>
<project-private xmlns="http://www.netbeans.org/ns/project-private/1">
    <editor-bookmarks xmlns="http://www.netbeans.org/ns/editor-bookmarks/2" lastBookmarkId="0"/>
    <open-files xmlns="http://www.netbeans.org/ns/projectui-open-files/2">
        <group>
            <file>file:/home/lucas/NetBeansProjects/Test/src/prog3/trab1/dominio/Avaliável.java</file>
            <file>file:/home/lucas/NetBeansProjects/Test/src/prog3/trab1/dominio/Avaliação.java</file>
            <file>file:/home/lucas/NetBeansProjects/Test/src/prog3/trab1/dominio/Disciplina.java</file>
            <file>file:/home/lucas/NetBeansProjects/Test/src/prog3/trab1/dominio/Aluno.java</file>
            <file>file:/home/lucas/NetBeansProjects/Test/src/prog3/trab1/dominio/Trabalho.java</file>
            <file>file:/home/lucas/NetBeansProjects/Test/src/prog3/trab1/execution/Comando.java</file>
            <file>file:/home/lucas/NetBeansProjects/Test/src/prog3/trab1/dominio/Nota.java</file>
            <file>file:/home/lucas/NetBeansProjects/Test/src/prog3/trab1/dominio/Curso.java</file>
            <file>file:/home/lucas/NetBeansProjects/Test/src/prog3/trab1/dominio/GrupoAlunos.java</file>
            <file>file:/home/lucas/NetBeansProjects/Test/src/prog3/trab1/execution/GerenciadorDisciplinas.java</file>
        </group>
        <group name="Aula Prog 2"/>
    </open-files>
</project-private>
