Código;Disciplina;Curso;Média;% Aprovados
INF09324;Programação Aplicada de Computadores;Engenharia Elétrica;6,63;80,0%
INF09331;Programação III;Ciência da Computação;8,83;71,4%
INF09331;Programação III;Engenharia de Computação;5,99;71,4%
INF09373;Desenvolvimento Web e Web Semântica;Doutorado;7,06;60,0%
INF09373;Desenvolvimento Web e Web Semântica;Ciência da Computação;5,00;60,0%
INF09373;Desenvolvimento Web e Web Semântica;Mestrado;4,13;60,0%
INF09373;Desenvolvimento Web e Web Semântica;Engenharia de Computação;0,00;60,0%
